YYYY,MM,DD,n_orbita
YYYY,MM,DD,n_orbita
2014,11,12,5
2014,11,13,6
2014,11,14,5
2014,11,15,5
2014,11,16,5
2014,11,17,5
2014,11,18,6
2014,11,30,5
2014,12,01,6
2014,12,03,5
2014,12,04,5
2014,12,05,6
2014,12,07,5
2014,12,09,5
2014,12,12,5
2014,12,14,6
2014,12,16,5
2014,12,19,5
2014,12,24,5
2014,12,27,5
2014,12,28,5
2014,12,29,5
2014,12,31,6
2015,01,01,5
2015,01,02,5
2015,01,07,5
2015,01,08,6
2015,01,09,5
2015,01,10,5
2015,01,14,5
2015,01,16,6
2015,01,18,5
2015,01,19,5
2015,01,21,5
2015,01,22,5
2015,01,23,5
2015,01,25,6
2015,01,31,5
2015,02,01,5
2015,02,02,6
2015,02,04,5
2015,02,06,5
2015,02,08,5
2015,02,09,5
2015,02,10,5
2015,02,11,6
2015,02,12,5
2015,02,13,5
2015,02,15,6
2015,02,16,5
2015,02,17,5
2015,02,18,6
2015,02,20,5
2015,02,21,6
2015,02,22,5
2015,02,23,5
2015,02,24,6
2015,02,26,5
2015,02,27,5
2015,02,28,6
2015,03,01,5
2015,03,02,5
2015,03,03,5
2015,03,04,5
2015,03,05,5
2015,03,06,6
2015,03,07,5
2015,03,08,5
2015,03,12,5
