yyyy-mm-dd,BS time,MPB time,ThetaBn (deg) (Cyril),beta_proton (Halekas),,beta_proton (Halekas),,,,Pdyn_proton,time,
2018-07-01,17:14:16,16:27:14,75.2,0.265
2018-07-01,8:06:45,7:33:22,80.1,0.275
2018-07-01,21:39:46,20:47:35,82.1,0.222
2018-07-04,11:30:37,11:08:36,75.6,0.182
2018-07-04,11:30:37,11:08:20,75.6,0.182
2018-07-04,20:40:02,20:10:08,78.1,0.158
2018-07-05,1:05:28,0:23:18,78,0.15
2018-07-05,14:22:02,13:50:02,82.4,0.439
2018-07-09,20:26:08,19:59:36,71.4,0.419
2018-07-09,2:41:14,2:09:03,72.5,0.333
2018-07-09,13:48:58,14:28:32,83.4,0.438
2018-07-11,21:26:36,20:55:33,72.2,0.421
2018-07-11,19:02:03,19:43:36,76.4,0.289
2018-07-11,3:33:45,3:07:10,78.6,0.142
2018-07-11,12:21:46,11:58:16,79.8,0.165
2018-07-12,1:43:41,1:16:55,73.1,0.501
2018-07-12,17:34:25,18:17:58,82.6,1.234
2018-07-14,20:14:31,19:57:29,18.1,0.47
2018-07-15,5:04:29,4:38:27,27.4,0.316
2018-07-15,16:37:12,17:14:28,71.7,0.359
2018-07-16,12:29:33,11:51:39,25.4,0.313
2018-07-16,10:13:11,11:04:44,75.1,0.294
2018-07-16,5:46:29,6:32:40,77,0.231
2018-07-17,12:54:09,13:30:55,72.4,0.257
2018-07-17,1:41:54,1:15:58,79.3,0.25
2018-07-18,2:06:57,2:51:59,81.3,0.284
2018-07-20,18:24:26,18:05:44,73.6,0.263
2018-07-20,13:57:29,13:33:14,80.2,0.273
2018-07-20,5:15:08,4:48:24,80.8,0.31
2018-07-21,1:31:52,2:05:09,84.1,0.375
2018-07-23,17:18:48,17:01:02,11.6,0.32
2018-07-28,6:53:15,7:12:20,11.4,0.312
2018-07-28,21:47:20,21:12:49,77.3,0.353
2018-07-29,20:08:16,19:29:36,24.4,0.267
2018-07-30,20:40:16,21:06:37,71.8,0.259
2018-07-30,22:32:36,22:07:26,79.5,0.238
2018-07-31,16:15:49,15:48:41,77.8,0.471
2018-08-01,10:03:03,9:53:02,81.5,0.695
2018-08-05,7:07:45,6:45:44,71.6,0.457
2018-08-05,23:08:19,23:37:05,84.2,0.612
2018-08-06,8:08:21,8:31:29,81.7,0.636
2018-08-08,10:21:16,10:04:11,76.8,0.301
2018-08-10,18:06:27,18:33:41,74.4,0.253
2018-08-11,18:08:01,17:40:59,70.8,0.336
2018-08-11,16:25:42,16:48:03,83.7,0.393
2018-08-13,12:50:09,13:11:47,26.8,0.712
2018-08-14,17:04:22,16:34:33,27.3,0.334
2018-08-14,21:19:25,20:56:08,70.9,0.242
2018-08-14,15:24:06,15:44:29,78.4,0.473
2018-08-15,4:38:42,4:57:29,71.9,0.228
2018-08-18,22:51:17,22:26:47,83.3,0.314
2018-08-19,5:58:22,6:17:32,75,0.283
2018-08-20,1:16:43,0:59:44,17.8,0.39
2018-08-21,19:58:46,20:19:26,15.1,0.42
2018-08-23,22:25:07,21:51:24,22.9,0.288
2018-08-24,16:26:33,15:23:58,22.1,0.236
2018-08-26,10:25:33,10:50:03,29,0.346
2018-08-26,16:42:03,16:12:50,76.9,0.29
2018-08-27,8:42:18,9:04:06,20.3,1.114
2018-08-27,10:12:27,9:41:24,70.4,2.721
2018-08-28,17:42:31,16:46:19,27.9,0.77
2018-08-29,13:46:19,13:57:49,82.9,0.436
2018-08-30,4:27:25,4:15:10,22.2,0.355
2018-09-01,9:33:23,9:09:37,77.1,0.522
2018-09-03,10:11:59,9:42:28,5.8,0.69
2018-09-03,1:25:40,0:52:40,21.5,0.867
2018-09-04,21:22:57,21:10:06,21.7,0.495
2018-09-04,19:45:15,20:06:59,82.8,0.752
2018-09-05,19:37:13,18:56:59,14.8,0.302
2018-09-05,2:16:40,1:24:05,24.6,0.453
2018-09-05,17:56:08,18:14:28,81,0.338
2018-09-06,22:02:02,21:37:09,73.2,0.434
2018-09-10,18:55:39,18:22:56,83,0.215
2018-09-12,8:50:15,9:09:22,79.6,0.653
2018-09-14,9:18:42,9:42:29,17.2,0.575
2018-09-15,7:22:55,7:39:12,84.3,0.322
2018-09-16,16:07:13,15:40:27,80.4,0.188
2018-09-16,9:45:35,10:09:37,82.5,0.246
2018-09-19,21:45:53,22:02:02,27,0.371
2018-09-20,1:44:05,2:24:28,9.8,0.325
2018-09-20,19:43:25,19:55:57,77.2,0.194
2018-09-21,6:29:49,5:58:05,20.3,0.157
2018-09-22,11:28:58,11:56:51,28.4,1.562
2018-09-23,2:36:21,2:01:41,71,0.456
2018-09-23,20:15:32,19:44:27,75.9,0.183
2018-09-24,7:35:14,7:47:20,26.5,0.6
2018-09-28,14:49:02,14:13:35,76.2,0.311
2018-09-30,2:44:02,1:37:15,16.7,0.645
2018-09-30,7:04:32,5:55:11,27.8,0.559
2018-09-30,13:28:33,13:44:26,72.1,0.427
2018-10-01,9:05:54,8:27:46,28.5,0.277
2018-10-01,17:52:48,17:12:28,79.9,0.22
2018-10-04,16:22:23,15:38:11,13.7,0.819
2018-10-04,14:18:21,14:39:36,28.5,0.573
2018-10-06,23:33:20,23:58:17,27.5,1.122
2018-10-10,2:12:28,2:47:56,27.4,0.482
2018-10-10,13:32:48,12:42:19,74.8,0.477
2018-10-13,22:53:18,23:12:43,27.8,0.598
2018-10-15,21:16:25,20:00:47,74.7,0.266
2018-10-17,10:36:35,10:57:02,22.9,0.342
2018-10-17,21:44:55,20:27:25,26.5,0.363
2018-10-19,13:17:15,12:27:14,72.6,0.205
2018-10-20,8:57:59,9:18:32,20.2,0.229
2018-10-20,20:06:39,19:04:40,84.8,0.237
2018-10-23,18:31:31,17:19:50,79,0.509
2018-10-25,9:44:18,9:01:17,16,0.262
2018-10-25,7:43:21,8:06:17,84,0.364
2018-10-27,16:37:19,17:11:37,75.4,0.398
2018-10-27,19:20:41,18:09:49,83.8,0.34
2018-10-28,10:22:28,10:58:24,83.6,0.369
2018-10-30,10:11:24,8:42:40,18.2,1.108
2018-10-31,8:53:44,9:17:02,27.2,0.751
2018-11-03,9:35:16,8:34:32,74.6,0.545
2018-11-04,12:09:38,10:54:00,81.6,1.091
2018-11-05,10:11:32,8:54:44,81.9,0.358
2018-11-05,5:43:21,4:43:13,83.2,0.412
2018-11-06,9:49:06,10:32:29,26.1,0.767
2018-11-06,12:29:33,11:09:01,28.6,0.731
2018-11-06,22:48:09,23:34:39,81.4,0.247
2018-11-07,16:23:53,17:06:19,75.8,0.354
2018-11-08,1:11:50,2:02:50,28,0.309
2018-11-08,14:38:13,15:19:30,29.1,1.318
2018-11-11,19:31:37,18:37:38,23.6,0.348
2018-11-12,17:48:53,16:49:52,74.1,0.41
2018-11-14,9:24:09,8:33:07,82.2,0.235
2018-11-15,7:16:31,6:21:32,70.7,0.21
2018-11-16,9:50:11,8:45:30,80.7,0.352
2018-11-17,13:59:00,14:48:26,27.4,0.788
2018-11-18,3:18:25,3:54:07,18.6,0.52
2018-11-18,11:37:31,12:43:29,23.1,0.669
2018-11-20,7:28:00,8:46:19,16.9,1.214
2018-11-22,1:56:41,1:09:38,77.6,0.203
2018-11-23,17:32:10,16:37:15,76.1,0.33
2018-11-23,12:57:42,12:11:05,84.5,0.281
2018-11-26,11:02:03,10:26:12,71.3,0.835
2018-11-29,7:38:59,8:06:46,26.1,0.302
2018-11-29,11:48:55,12:24:46,74.2,0.326
2018-12-01,20:32:39,21:32:14,79.1,0.385
2018-12-03,12:25:09,13:08:09,70.6,0.554
2018-12-03,16:52:42,17:22:48,74,0.48
2018-12-05,6:11:03,5:33:51,21.5,0.445
2018-12-05,1:50:34,1:10:28,82,0.17
2018-12-06,22:07:16,21:03:44,23.4,0.787
2018-12-06,12:52:17,12:24:39,83.9,0.686
2018-12-09,2:33:50,1:50:34,28.4,0.287
2018-12-11,13:45:16,14:28:41,78.9,0.321
2018-12-13,3:01:39,2:39:29,76.5,0.357
2018-12-14,7:49:56,8:31:13,25.2,0.753
2018-12-14,16:56:27,17:18:52,26.7,0.982
2018-12-16,10:05:15,9:39:42,78.7,0.401
2018-12-17,10:40:30,11:24:40,76.6,0.985
2018-12-19,4:00:12,3:39:54,23.3,0.323
2018-12-19,19:52:58,20:24:46,72,0.251
2018-12-21,2:51:27,3:22:03,74.3,0.299
2018-12-24,16:04:43,15:40:35,80.9,0.377
2020-08-03,6:54:31,6:30:54,78.3,0.437
2020-08-04,22:33:26,22:06:41,70.1,0.736
2020-08-05,3:17:48,4:01:25,26.7,0.796
2020-08-05,12:56:31,12:29:32,72.9,1.409
2020-08-06,21:18:08,20:49:33,29.8,0.765
2020-08-06,10:27:47,10:07:53,84.6,0.95
2020-08-07,4:51:38,4:03:57,79.4,0.544
2020-08-10,16:02:51,17:16:42,82.3,0.258
2020-08-14,9:23:27,8:46:29,73,0.162
2020-08-14,6:04:16,5:23:06,78.2,0.163
2020-08-14,12:52:05,12:25:12,81.2,0.184
2020-08-14,23:55:28,23:09:34,84.7,0.218
2020-08-16,16:35:35,17:04:45,24.3,0.283
2020-08-17,16:10:11,15:49:03,24.1,0.282
2020-08-17,13:58:12,14:33:26,28.1,0.333
2020-08-17,19:47:31,19:26:23,28.7,0.286
2020-08-19,22:06:39,21:49:23,80.5,0.646
2020-08-22,1:53:26,2:38:55,11.4,0.324
2020-08-22,19:47:53,20:36:23,26.5,0.643
2020-08-23,6:52:09,7:32:58,75.3,0.576
2020-08-23,23:13:44,22:57:25,81.1,0.394
2020-08-25,7:45:49,7:14:33,80.6,0.611
2020-08-25,12:37:07,13:28:46,84.4,0.535
2020-08-27,20:50:24,20:25:54,22.1,0.321
2020-08-28,4:05:59,3:35:04,11.8,0.385
2020-08-29,1:43:51,1:13:38,21.4,0.447
2020-08-29,6:53:14,7:24:29,73.9,0.62
2020-08-30,4:12:40,5:10:21,29.1,0.431
2020-09-01,6:49:43,7:25:11,22.9,0.804
2020-09-03,18:42:41,17:57:47,19.3,0.589
2020-09-04,16:13:54,15:24:07,10.7,0.246
2020-09-05,11:38:11,12:02:42,18.8,0.359
2020-09-05,6:24:50,5:58:58,77.4,0.243
2020-09-06,12:47:59,13:16:28,17.6,0.26
2020-09-06,5:36:21,6:00:52,27.4,0.367
2020-09-07,5:13:01,4:45:22,15.1,0.233
2020-09-07,12:39:35,11:52:22,28.9,0.41
2020-09-08,21:08:36,20:11:08,27.6,0.274
2020-09-08,14:52:54,15:35:03,84.9,0.167
2020-09-09,12:29:28,13:07:03,71.2,0.201
2020-09-09,8:59:48,9:39:45,78.5,0.271
2020-09-10,15:51:49,15:18:20,27.5,0.281
2020-09-10,5:21:43,4:44:23,70.3,0.213
2020-09-12,7:41:49,6:55:04,26.3,0.239
2020-09-13,8:48:12,8:00:17,13.8,0.261
2020-09-14,13:39:36,13:04:01,23.6,0.303
2020-09-14,10:19:11,9:15:11,74.9,0.223
2020-09-15,8:57:33,9:26:02,29.3,0.629
2020-09-15,16:12:19,16:38:28,29.7,0.265
2020-09-16,13:13:48,14:16:45,21.9,0.976
2020-09-18,5:33:41,5:59:36,17.4,0.302
2020-09-18,2:00:44,2:20:49,24.5,0.387
2020-09-22,9:14:19,8:30:35,24.1,0.206
2020-09-22,3:11:09,3:45:05,80,0.208
2020-09-24,22:24:48,21:48:32,12.8,0.331
2020-09-24,12:46:15,13:19:23,25.5,0.351
2020-09-24,16:37:15,16:59:54,27.4,0.349
2020-09-27,2:18:44,2:44:11,71.1,0.278
2020-09-29,8:15:39,8:51:06,77.7,0.858
2020-10-01,10:10:41,11:20:09,18.7,0.467
2020-10-01,2:17:46,1:41:28,22.5,0.565
2020-10-01,3:14:32,4:06:43,23.2,0.565
2020-10-02,11:30:55,12:34:34,21,0.628
2020-10-07,0:20:55,0:47:52,72.7,0.285